"Date","Facebook","Pinterest","Twitter","YouTube","Tumblr","reddit","VKontakte","Instagram","LinkedIn","StumbleUpon","Google+","Fark","news.ycombinator.com","Youku","Vimeo","Sina Weibo","Other"
2017-02,80.39,5.82,5.36,0.44,4.23,1.67,0.35,0.18,0.36,0.59,0.38,0.13,0.03,0.01,0.03,0.01,0.02
2017-03,80.4,5.87,6.11,0.36,3.34,1.73,0.45,0.16,0.36,0.57,0.41,0.14,0.03,0.02,0.01,0.01,0.02
2017-04,77.08,7.12,7.13,1,3.41,1.98,0.43,0.21,0.41,0.64,0.35,0.14,0.04,0.02,0.01,0.01,0.02
2017-05,78.87,6.04,6.85,2.09,2.37,1.75,0.39,0.21,0.35,0.56,0.29,0.13,0.03,0.03,0.01,0.01,0.02
2017-06,76.89,5.25,7.46,4.22,2.63,1.56,0.31,0.2,0.46,0.51,0.28,0.13,0.03,0.03,0,0.02,0.02
2017-07,74.98,5.17,8.58,4.66,2.96,1.54,0.48,0.2,0.41,0.57,0.21,0.13,0.03,0.05,0,0.02,0.03
2017-08,73.44,5.79,8.67,5.13,2.5,2.17,0.54,0.2,0.38,0.59,0.33,0.13,0.03,0.05,0,0.02,0.02
2017-09,75.19,5.07,9.28,3.53,2.08,2.78,0.44,0.22,0.39,0.5,0.4,0.03,0.03,0.04,0,0.01,0.02
2017-10,79.45,4.69,5.78,3.37,1.92,2.98,0.42,0.17,0.28,0.49,0.34,0.02,0.04,0.03,0,0.01,0.01
2017-11,75.41,4.83,7.44,5.23,2.05,2.71,0.55,0.32,0.47,0.58,0.27,0.02,0.03,0.07,0,0.01,0.01
2017-12,77.67,3.74,6.16,6.08,1.66,2.18,1.24,0.23,0.31,0.36,0.21,0.02,0.02,0.1,0,0,0.01
2018-01,80.96,3.49,5.46,5.28,1.55,1.38,0.67,0.24,0.26,0.35,0.16,0.04,0.02,0.13,0,0,0.01
2018-02,82.17,3.52,5.35,4.67,1.51,1.16,0.32,0.35,0.31,0.33,0.23,0.02,0.01,0.05,0,0,0.01
2018-03,68.24,6.22,7.76,9.97,2.84,2.07,0.38,0.6,0.64,0.58,0.55,0.03,0.05,0.05,0,0,0.02
2018-04,50.66,10.29,11.43,16.13,3.84,3.05,1.21,0.74,0.81,0.74,1,0.05,0.04,0.01,0,0,0.02
2018-05,50.78,10.73,11.36,16.43,3.66,2.16,1.98,0.56,0.62,0.71,0.84,0.04,0.07,0.02,0,0,0.03
2018-06,50.04,9.78,12.26,18.19,3.69,1.95,1.14,0.59,0.66,0.62,0.81,0.04,0.03,0.16,0,0.01,0.04
2018-07,47.03,16.93,12.05,15.79,3.26,1.35,1.27,0.55,0.66,0.28,0.58,0.05,0.04,0.12,0,0.01,0.03
2018-08,57.13,8.58,11.57,15.83,3.17,1.37,0.55,0.55,0.57,0.03,0.51,0.04,0.05,0,0,0,0.04
2018-09,55.71,8.41,14.74,13.7,3.92,1.33,0.45,0.44,0.48,0.02,0.71,0.03,0.02,0.02,0.01,0.01,0.02
2018-10,52.2,8.95,16,14.75,4.3,1.35,0.69,0.4,0.44,0.05,0.75,0.04,0.04,0.01,0,0,0.02
2018-11,54.87,9.57,11.95,15.11,4.05,1.99,0.5,0.35,0.43,0.07,0.98,0.03,0.04,0.05,0,0,0.02
2018-12,50.06,19.94,12.64,9.14,3.26,2.93,0.5,0.31,0.36,0.05,0.7,0.04,0.02,0.03,0,0.02,0.01
2019-01,47.42,16.76,16.27,8.29,2.67,6.4,0.63,0.41,0.44,0.03,0.58,0.02,0.03,0.01,0,0.02,0.01
2019-02,53.23,12.03,12.01,9.13,2.86,8.53,0.48,0.45,0.47,0.03,0.56,0.07,0.12,0.01,0,0,0.01
2019-03,49.83,20.65,11.19,9.42,3.18,3.55,0.66,0.46,0.43,0.04,0.49,0.05,0.03,0,0.02,0,0
2019-04,51.82,15.9,12.05,10.9,3.39,3.51,0.71,0.79,0.51,0.07,0.09,0.08,0.12,0,0.04,0,0.01
2019-05,47.19,11.42,10.36,8.58,2.78,17.95,0.61,0.58,0.38,0.03,0.02,0.06,0.03,0,0.01,0,0
2019-06,57.42,12.76,12.94,9.5,3.07,0.99,1.91,0.76,0.44,0.02,0.04,0.08,0.04,0,0.02,0,0.01
2019-07,57.79,12.56,11.75,9.68,3.2,1.11,2.55,0.73,0.47,0.03,0.02,0.04,0.03,0,0.01,0,0.03
2019-08,57.88,14.23,11.38,9.55,3.3,1.45,0.85,0.74,0.46,0.02,0.01,0.07,0.03,0,0.01,0,0.02
2019-09,58.98,13.85,11.4,9.31,2.97,1.06,0.65,0.94,0.62,0.03,0.05,0.03,0.08,0,0.01,0,0.01
2019-10,53.73,15.73,14.24,9.2,2.8,1.09,0.58,1.65,0.72,0.03,0.06,0.05,0.1,0,0.01,0,0
2019-11,52.22,17.17,14.58,8.86,2.8,1.08,0.71,1.62,0.62,0.03,0.17,0.05,0.07,0,0.01,0,0.01
2019-12,51.05,16.78,15.83,9.33,2.76,1.1,0.61,1.8,0.41,0.02,0.17,0.03,0.07,0,0.01,0,0.01
2020-01,41.18,21.2,20.55,9.27,3.2,1.19,0.48,2.15,0.52,0.02,0.12,0.03,0.07,0,0.01,0,0.01
2020-02,44.29,20.22,19.54,8.44,2.98,1.14,0.51,2.18,0.54,0.02,0.01,0.04,0.03,0,0,0.01,0.03
2020-03,44.06,18.13,21.09,9.63,2.65,0.99,0.44,2.37,0.48,0.02,0,0.06,0.05,0,0.02,0,0.01
2020-04,38.82,20.23,20.53,11.78,2.94,1.8,0.49,2.82,0.43,0.01,0,0.04,0.06,0,0.05,0,0
2020-05,41.28,24.82,12.3,13.35,3.55,2.84,0.57,0.55,0.55,0,0,0.08,0.08,0,0.02,0,0
2020-06,44.64,22.48,13.21,12.17,3.19,2.58,0.47,0.48,0.63,0,0.02,0.06,0.06,0,0,0,0
2020-07,42.84,22.77,14.25,12.76,2.93,2.53,0.42,0.53,0.76,0.01,0.03,0.05,0.1,0,0,0.01,0
2020-08,41.55,24.38,14.57,11.67,2.91,2.34,0.69,0.76,0.96,0.01,0.02,0.07,0.07,0,0,0.01,0.01
2020-09,40.33,24.9,15.01,12.04,2.85,2.32,0.45,0.9,0.95,0.01,0.01,0.08,0.14,0,0,0.01,0
2020-10,38.75,25.01,16.06,12.96,2.49,2.33,0.5,0.73,0.95,0.01,0,0.07,0.1,0,0,0.01,0
2020-11,36.52,23.19,20.56,12.21,2.57,2.48,0.43,0.86,0.93,0.02,0.01,0.07,0.12,0,0,0.01,0.01
2020-12,36.81,26.63,18.55,9.82,2.44,3.05,0.34,1.03,1,0.03,0,0.11,0.15,0,0.01,0,0.01
2021-01,36.07,26.41,17.92,10.27,2.58,3.77,0.34,1.33,1.08,0.04,0,0.07,0.07,0,0,0.03,0.01
2021-02,40.03,21.34,16.96,10.93,2.47,4.18,0.38,1.45,1.9,0.04,0,0.13,0.15,0,0,0.04,0.01
2021-03,39.39,22.89,16.5,11.57,2.3,3.94,0.45,1.4,1.22,0.07,0,0.09,0.09,0,0,0.07,0.01
2021-04,36.89,22.93,16.75,12.22,2.44,4.83,0.48,1.77,1.31,0.04,0,0.12,0.17,0,0,0.04,0.01
2021-05,37.48,22.43,16.89,13.18,2.52,4.1,0.4,1.26,1.24,0.05,0,0.13,0.16,0,0,0.15,0
2021-06,37.39,21.19,18.64,12.71,2.88,3.54,0.36,1.88,1.14,0.03,0,0.16,0.04,0,0.01,0.03,0.01
2021-07,40.48,19.63,17.42,11.76,3.25,3.9,0.36,1.63,1.17,0.04,0,0.11,0.14,0,0.03,0.05,0.01
2021-08,40.96,22.82,15.57,10.34,3.47,3.17,0.36,1.73,1.19,0.05,0,0.22,0.05,0,0.02,0.04,0.02
2021-09,41.44,23.03,15.49,10.05,2.56,3.3,0.52,1.88,1.36,0.05,0,0.11,0.06,0,0.11,0.03,0
2021-10,39.59,19.87,22.1,9.31,2.08,3.4,0.53,1.61,1.09,0.07,0,0.12,0.08,0,0.11,0.04,0
2021-11,42.42,21.27,15.14,10.96,2.1,3.94,0.52,1.93,1.17,0.05,0,0.13,0.22,0,0.11,0.02,0.01
2021-12,42.99,19.41,16.16,11.61,2.2,3.8,0.49,1.76,1.2,0.05,0,0.11,0.07,0.01,0.12,0.03,0.01
2022-01,43.27,19.18,16.17,11.08,2.16,3.91,0.39,1.95,1.36,0.06,0,0.11,0.14,0.02,0.15,0.05,0.01
2022-02,40.56,20.66,14.9,14.17,1.76,3.48,0.39,2.14,1.32,0.02,0,0.24,0.17,0,0.16,0.02,0
