"Date","Facebook","Pinterest","Twitter","YouTube","Tumblr","Instagram","StumbleUpon","reddit","Google+","VKontakte","LinkedIn","Fark","Other"
2017-02,77.98,16.86,2.88,0.02,1.42,0.07,0.4,0.13,0.12,0.05,0.04,0.03,0.01
2017-03,80.56,14.69,2.89,0.01,1.05,0.04,0.37,0.13,0.11,0.05,0.04,0.03,0.01
2017-04,77.38,17.2,3.39,0.1,1.06,0.06,0.41,0.14,0.09,0.07,0.04,0.05,0.01
2017-05,79.85,13.99,3.64,0.84,0.77,0.05,0.38,0.15,0.13,0.07,0.05,0.07,0.01
2017-06,78.91,14.53,3.84,1.24,0.71,0.05,0.33,0.12,0.11,0.05,0.05,0.05,0.01
2017-07,77.06,15.63,4.15,1.71,0.72,0.05,0.35,0.13,0.05,0.05,0.05,0.04,0.01
2017-08,75.5,16.8,4.19,2.12,0.56,0.06,0.39,0.14,0.05,0.06,0.06,0.05,0.01
2017-09,73.61,19.07,4.5,1.3,0.63,0.06,0.44,0.15,0.06,0.07,0.07,0.02,0.01
2017-10,70.27,22.16,4.76,1.24,0.65,0.07,0.41,0.18,0.06,0.09,0.08,0.02,0.01
2017-11,65.47,25.66,5.02,2.25,0.62,0.08,0.43,0.17,0.07,0.1,0.11,0.01,0.01
2017-12,65.61,25.46,4.7,2.73,0.58,0.08,0.37,0.17,0.07,0.12,0.07,0.02,0.01
2018-01,61.43,28.53,5.05,3.24,0.66,0.1,0.46,0.18,0.08,0.15,0.07,0.03,0.01
2018-02,60.71,29.46,4.75,3.32,0.7,0.11,0.45,0.16,0.14,0.1,0.07,0.02,0.01
2018-03,58.02,32.07,4.57,3.5,0.69,0.09,0.46,0.15,0.24,0.07,0.1,0.02,0.01
2018-04,50.34,38.29,5.21,4.08,0.79,0.1,0.47,0.23,0.29,0.06,0.11,0.02,0.01
2018-05,50.88,36.79,5.72,4.53,0.75,0.12,0.47,0.2,0.26,0.1,0.15,0.03,0.02
2018-06,45.22,39.55,7.03,6.06,0.77,0.12,0.43,0.24,0.31,0.07,0.17,0.03,0.01
2018-07,50.21,36.37,6.29,5.31,0.74,0.12,0.3,0.23,0.15,0.06,0.18,0.03,0.01
2018-08,51.19,35.81,6.4,5.08,0.67,0.16,0,0.22,0.17,0.09,0.16,0.02,0.02
2018-09,52.07,35.52,6.36,4.45,0.71,0.14,0,0.23,0.25,0.09,0.15,0.02,0.01
2018-10,51.32,37.1,6.18,3.67,0.88,0.13,0,0.18,0.29,0.1,0.11,0.02,0.01
2018-11,51.58,38.06,6.36,2.11,0.93,0.13,0,0.22,0.37,0.08,0.13,0.01,0.01
2018-12,48.05,41.73,6.22,1.99,0.96,0.13,0,0.24,0.38,0.08,0.18,0.03,0.01
2019-01,44.39,45.82,6.46,1.72,0.66,0.13,0,0.21,0.23,0.19,0.17,0.01,0.01
2019-02,43.47,46.74,6.24,1.9,0.6,0.12,0,0.4,0.16,0.1,0.21,0.03,0.03
2019-03,42.42,47.72,5.96,2.05,0.55,0.12,0,0.74,0.17,0.12,0.11,0.02,0.01
2019-04,42.91,47.01,6.04,2.53,0.61,0.29,0,0.24,0.03,0.14,0.12,0.03,0.05
2019-05,47.2,41.61,6.6,2.95,0.71,0.14,0,0.45,0.01,0.14,0.13,0.03,0.02
2019-06,48.32,41.1,6.22,2.8,0.8,0.12,0,0.2,0.02,0.24,0.11,0.04,0.04
2019-07,45.85,43.6,6.43,2.55,0.83,0.12,0,0.18,0,0.29,0.11,0.02,0.03
2019-08,45.59,45.13,6.11,1.81,0.75,0.12,0,0.19,0,0.13,0.1,0.03,0.02
2019-09,49.2,41.57,6.17,1.74,0.68,0.19,0,0.17,0,0.12,0.14,0.01,0.01
2019-10,53.53,33.93,8.39,2.05,0.7,0.84,0,0.23,0.04,0.13,0.13,0.01,0.02
2019-11,57.06,31.91,7.06,1.87,0.63,0.92,0,0.19,0.09,0.11,0.14,0.02,0.01
2019-12,61.01,27.51,7.27,1.98,0.56,1.07,0,0.2,0.1,0.17,0.12,0.01,0.01
2020-01,62.26,25.47,7.56,2.13,0.6,1.32,0,0.27,0.06,0.09,0.21,0.01,0.03
2020-02,65.48,22.14,7.55,2.4,0.52,1.38,0,0.23,0,0.11,0.16,0.01,0.01
2020-03,69.23,18.54,6.64,3.23,0.35,1.61,0,0.22,0,0.08,0.07,0.02,0.02
2020-04,64,22,6.89,4.31,0.43,1.86,0,0.37,0,0.07,0.05,0.01,0.02
2020-05,66.03,25.07,4.16,3.53,0.55,0.27,0,0.22,0,0.06,0.05,0.03,0.02
2020-06,68.73,22.57,4.15,3.36,0.72,0.19,0,0.17,0,0.05,0.05,0.01,0.01
2020-07,68.6,22.08,4.77,3.41,0.57,0.23,0,0.19,0,0.05,0.06,0.02,0.02
2020-08,69.36,22.21,4.58,2.57,0.65,0.23,0,0.16,0,0.16,0.05,0.02,0.01
2020-09,70.49,20.83,4.76,2.51,0.79,0.31,0,0.15,0,0.06,0.05,0.02,0.02
2020-10,68.37,21.94,5.73,2.82,0.54,0.26,0,0.19,0,0.06,0.06,0.02,0.02
2020-11,65.28,23.04,7.49,2.78,0.52,0.51,0,0.19,0,0.06,0.08,0.02,0.02
2020-12,63.46,25.93,6.55,2.76,0.38,0.59,0,0.16,0,0.06,0.06,0.03,0.02
2021-01,65.93,23.59,5.7,3.32,0.45,0.65,0,0.19,0,0.08,0.05,0.02,0.01
2021-02,68.18,21.33,5,3.87,0.47,0.76,0,0.17,0,0.08,0.07,0.04,0.02
2021-03,70.11,19.38,4.52,4.4,0.38,0.85,0,0.18,0,0.08,0.05,0.02,0.02
2021-04,70.08,17.58,4.81,5,0.84,1.18,0,0.25,0,0.14,0.06,0.04,0.03
2021-05,71.36,15.47,4.86,5.4,1.2,1.18,0,0.33,0,0.08,0.06,0.04,0.03
2021-06,73.42,13.31,5.21,4.52,1.8,1.28,0,0.28,0,0.07,0.06,0.04,0.01
2021-07,75.85,11.55,5.36,3.72,1.96,1.12,0,0.26,0,0.07,0.05,0.04,0.03
2021-08,75.03,11.62,5.21,3.74,2.95,0.97,0,0.26,0,0.08,0.04,0.07,0.03
2021-09,76.92,11.63,4.55,3.19,1.91,1.23,0,0.3,0,0.07,0.04,0.04,0.11
2021-10,73.87,12.56,6.81,3.12,1.48,1.52,0,0.36,0,0.07,0.06,0.04,0.12
2021-11,76.02,12.67,4.55,3.19,0.94,1.74,0,0.57,0,0.07,0.06,0.04,0.13
2021-12,80.35,9.94,4.14,2.74,0.83,1.35,0,0.39,0,0.06,0.05,0.03,0.12
2022-01,80.98,9.44,4.51,2.42,0.71,1.4,0,0.3,0,0.05,0.09,0.03,0.07
2022-02,78.67,8.42,5.01,5.49,0.47,1.38,0,0.36,0,0.05,0.03,0.07,0.04
