"Date","Facebook","Pinterest","Twitter","YouTube","Instagram","Tumblr","VKontakte","reddit","LinkedIn","Google+","StumbleUpon","Other"
2017-02,89.32,6.43,2.93,0.02,0.56,0.32,0.05,0.05,0.04,0.12,0.16,0.01
2017-03,89.86,5.83,3.01,0.02,0.59,0.27,0.05,0.05,0.05,0.12,0.14,0.01
2017-04,89.25,6.08,3.33,0.08,0.63,0.24,0.06,0.05,0.04,0.08,0.14,0.02
2017-05,91.19,3.61,3.5,0.68,0.45,0.13,0.06,0.05,0.05,0.13,0.14,0.02
2017-06,88.96,5.24,3.68,0.99,0.61,0.12,0.05,0.05,0.06,0.11,0.12,0.02
2017-07,85.23,6.95,4.54,1.51,1.2,0.16,0.05,0.06,0.06,0.05,0.16,0.02
2017-08,84.97,7.11,4.27,1.93,1.18,0.12,0.06,0.06,0.08,0.06,0.16,0.02
2017-09,83.23,8.58,4.82,1.17,1.54,0.13,0.07,0.07,0.11,0.07,0.19,0.02
2017-10,80.86,9.71,5.85,1.23,1.61,0.14,0.09,0.08,0.19,0.07,0.17,0.02
2017-11,76.7,10.92,6.03,3.23,2.31,0.14,0.1,0.07,0.23,0.08,0.17,0.02
2017-12,75.62,11.43,5.65,4.38,2.23,0.13,0.09,0.08,0.13,0.09,0.15,0.02
2018-01,73.85,12.22,5.58,4.88,2.68,0.14,0.17,0.09,0.08,0.09,0.18,0.04
2018-02,73.05,12,5.6,5.48,2.95,0.15,0.18,0.08,0.09,0.22,0.18,0.03
2018-03,71.51,12.58,5.63,6.27,3.05,0.18,0.13,0.09,0.12,0.21,0.19,0.03
2018-04,71.01,14.16,5.77,6.14,2.02,0.19,0.09,0.09,0.12,0.21,0.17,0.03
2018-05,71.96,12.86,5.81,6.19,2.23,0.2,0.09,0.09,0.16,0.21,0.15,0.04
2018-06,67.7,13.35,7.39,7.81,2.72,0.22,0.1,0.09,0.19,0.22,0.13,0.09
2018-07,69.36,12.58,7.12,6.93,3.11,0.18,0.08,0.11,0.22,0.18,0.09,0.05
2018-08,68.43,12.89,7.86,6.97,3.03,0.17,0.09,0.13,0.2,0.19,0,0.03
2018-09,70.13,12.15,7.45,6.77,2.48,0.2,0.16,0.11,0.19,0.33,0,0.02
2018-10,71.84,12.24,6.79,5.8,2.41,0.23,0.17,0.11,0.13,0.25,0,0.03
2018-11,74.82,12.16,5.74,3.88,2.53,0.22,0.12,0.11,0.14,0.25,0,0.02
2018-12,72.78,13.24,7.01,3.61,2.35,0.24,0.14,0.12,0.2,0.28,0,0.03
2019-01,72.55,14.25,7.26,2.91,2.15,0.17,0.19,0.09,0.17,0.24,0,0.02
2019-02,74.33,13.89,6.38,2.6,1.91,0.14,0.16,0.16,0.2,0.19,0,0.04
2019-03,72.36,14.33,6.61,3,2.67,0.13,0.25,0.33,0.11,0.19,0,0.02
2019-04,72.89,14.46,5.81,3.58,2.58,0.12,0.29,0.11,0.12,0.01,0,0.03
2019-05,76.52,11.78,5.38,3.52,2.16,0.1,0.26,0.14,0.13,0,0,0.02
2019-06,78.29,11.74,4.94,2.82,1.62,0.11,0.25,0.09,0.1,0,0,0.03
2019-07,76.24,13.19,5.01,2.88,2.03,0.12,0.34,0.09,0.1,0,0,0.01
2019-08,75.75,13.96,5.14,2.73,1.81,0.12,0.28,0.1,0.09,0,0,0.02
2019-09,76.45,11.52,5.81,2.89,2.78,0.1,0.24,0.1,0.11,0,0,0.01
2019-10,70.39,9.51,10.09,2.94,6.54,0.08,0.19,0.15,0.08,0.01,0,0.02
2019-11,68.17,10.17,11.24,2.59,7.35,0.08,0.16,0.14,0.08,0.01,0,0.02
2019-12,65.94,9.68,12.81,3.18,7.9,0.07,0.15,0.17,0.07,0.01,0,0.01
2020-01,63.47,9.93,14.07,2.72,9.32,0.08,0.11,0.2,0.08,0.01,0,0.02
2020-02,63.92,9.31,14.11,2.34,9.87,0.08,0.11,0.18,0.08,0,0,0.01
2020-03,66.83,7.1,13.88,2.48,9.31,0.06,0.09,0.16,0.08,0,0,0.01
2020-04,62.25,9.09,15.22,3.4,9.56,0.09,0.08,0.2,0.08,0,0,0.01
2020-05,75.79,11.74,5.57,4.77,1.64,0.15,0.09,0.11,0.12,0,0,0.02
2020-06,77.66,10.51,5.79,4.2,1.32,0.21,0.06,0.11,0.13,0,0,0.01
2020-07,78.07,10.01,5.97,3.98,1.49,0.14,0.07,0.12,0.14,0,0,0.02
2020-08,79.11,9.71,5.56,2.75,1.53,0.17,0.92,0.09,0.15,0,0,0.02
2020-09,78.89,9.65,5.96,3.07,1.71,0.25,0.21,0.1,0.15,0,0,0.02
2020-10,76.33,10.3,7.77,3.41,1.67,0.15,0.08,0.11,0.16,0,0,0.02
2020-11,73.08,10.27,10.65,3.22,2.21,0.13,0.09,0.11,0.23,0,0,0.02
2020-12,72.54,11.55,9.32,3.62,2.46,0.06,0.08,0.12,0.21,0,0,0.03
2021-01,73.99,9.75,8.66,4.3,2.77,0.09,0.08,0.15,0.2,0,0,0.01
2021-02,75.88,8.21,7.76,4.39,3.17,0.1,0.09,0.15,0.22,0,0,0.03
2021-03,75.83,7.82,8.06,4.59,3.18,0.07,0.09,0.11,0.24,0,0,0.02
2021-04,74.35,6.8,8.75,5.17,4.05,0.21,0.16,0.21,0.27,0,0,0.03
2021-05,75.79,6.11,7.54,5.33,4.4,0.3,0.11,0.15,0.22,0,0,0.04
2021-06,75.82,5.38,9.05,4.04,4.67,0.61,0.08,0.12,0.21,0,0,0.02
2021-07,78.78,4.64,7.94,3.39,4.04,0.7,0.09,0.2,0.18,0,0,0.04
2021-08,77.14,5.2,8.21,4.07,3.68,1.1,0.11,0.27,0.18,0,0,0.03
2021-09,76.29,5.98,7.9,4,4.37,0.77,0.11,0.31,0.23,0,0,0.04
2021-10,76.96,6.56,6.87,3.48,4.77,0.51,0.11,0.45,0.24,0,0,0.04
2021-11,77.85,5.88,6.94,3.06,4.89,0.26,0.11,0.73,0.24,0,0,0.05
2021-12,79.86,5.02,6.64,3.1,4.39,0.24,0.1,0.4,0.24,0,0,0.03
2022-01,80.28,4.29,6.24,3.19,4.96,0.18,0.08,0.41,0.33,0,0,0.04
2022-02,75.65,4.46,5.54,7.63,5.67,0.11,0.09,0.49,0.28,0,0,0.07
